VisitAsia,TB,Smoking,Cancer,TBorCancer,XRay,Bronchitis,Dysphenia
1,1,1,1,1,1,1,1
1,1,1,1,1,1,1,1
1,1,0,1,1,1,0,0
1,1,0,0,0,0,0,0
1,0,1,1,0,0,1,0
1,1,0,1,1,1,1,0
1,1,0,1,1,1,1,1
1,1,0,1,1,1,0,1
1,1,0,1,1,1,1,1
1,1,0,1,1,1,1,1
1,1,0,1,1,1,1,1
1,1,0,1,1,0,1,1
1,1,0,1,1,1,0,0
1,1,1,1,1,1,1,0
1,1,0,1,1,1,1,1
1,1,0,1,1,1,0,1
1,1,1,1,1,0,0,1
1,1,0,1,1,1,1,1
1,1,1,1,1,1,1,1
1,1,1,1,1,1,1,1
1,1,0,1,1,1,1,1
1,1,0,1,1,1,0,0
1,1,1,1,1,1,1,1
1,1,1,1,1,1,0,0
1,1,1,1,1,1,1,1
1,1,1,1,1,1,1,1
1,1,0,1,1,1,1,1
1,1,1,1,1,1,0,0
1,1,1,1,1,1,1,1
1,1,1,1,1,1,1,1
1,1,1,1,1,1,1,1
1,1,1,1,1,1,1,1
1,1,0,1,1,1,0,1
1,1,1,1,1,1,0,0
1,1,1,1,1,1,1,1
1,1,1,1,1,1,1,1
1,1,0,1,1,1,1,1
1,1,1,1,1,1,0,0
1,1,0,1,1,1,1,0
1,1,1,1,1,1,0,0
1,1,1,1,1,0,0,0
1,1,0,0,0,0,1,0
1,1,1,1,1,1,1,1
1,1,1,1,1,1,1,1
1,1,0,1,1,1,0,0
1,1,1,1,1,1,0,0
1,1,0,1,1,1,0,1
1,1,0,1,1,1,0,0
1,1,0,0,0,0,0,1
1,1,0,0,0,0,0,0
1,1,1,1,1,1,0,0
1,1,1,1,1,1,1,1
1,1,0,1,1,1,0,0
1,1,1,1,1,1,1,1
1,1,0,0,0,0,0,0
1,1,1,1,1,1,1,1
1,1,0,1,1,1,1,1
1,1,0,1,1,1,0,1
1,1,1,1,1,1,1,1
1,1,0,0,0,0,0,0
1,1,1,1,1,1,0,0
1,1,1,1,1,1,1,1
1,1,1,1,1,1,1,1
1,1,1,1,1,1,1,1
1,1,0,0,0,0,0,0
1,1,1,1,1,1,1,1
1,1,1,1,1,1,1,1
1,1,1,1,1,1,0,1
1,1,1,1,1,1,1,1
1,1,0,1,1,1,1,1
1,0,0,1,0,0,1,0
1,1,1,1,1,1,0,1
1,1,0,1,1,1,0,1
1,1,1,1,1,1,0,0
1,1,0,1,1,1,0,0
1,1,0,1,1,1,0,0
1,1,1,1,1,1,1,1
1,1,1,1,1,1,1,1
1,1,0,1,1,1,0,0
1,1,1,1,1,1,1,1
1,1,0,1,1,0,0,0
1,1,1,1,1,1,1,1
1,1,1,1,1,1,0,0
1,1,0,1,1,1,0,0
1,1,1,1,1,1,1,1
1,1,1,1,1,1,1,1
1,1,0,1,1,1,1,1
1,1,0,1,1,1,1,1
1,1,1,1,1,1,1,1
1,1,0,1,1,0,0,0
1,1,0,1,1,0,0,0
1,1,1,1,1,1,1,0
1,1,1,1,1,1,1,1
1,1,0,1,1,1,0,0
1,1,0,1,1,1,1,0
1,1,0,1,1,1,0,0
1,1,0,1,1,1,1,1
1,1,0,1,1,1,0,0
1,1,0,1,1,1,1,1
1,1,1,1,1,1,1,1
1,1,1,1,1,1,0,1
1,1,1,1,1,1,1,1
1,1,0,1,1,1,1,1
1,1,0,0,0,0,0,0
1,1,1,1,1,1,1,1
1,1,0,0,0,0,1,1
1,1,1,1,1,1,0,0
1,1,1,1,1,1,1,1
1,1,1,1,1,1,0,0
1,1,1,1,1,1,1,1
1,1,0,1,1,1,1,0
1,1,0,0,0,0,0,0
1,1,0,1,1,1,0,0
1,1,1,1,1,1,0,0
1,1,1,1,1,1,1,1
1,1,0,0,0,0,0,0
1,1,1,1,1,1,1,1
1,1,0,1,1,1,1,1
1,1,0,0,0,0,0,0
1,1,1,1,1,1,1,1
1,1,0,1,1,1,0,0
1,1,0,1,1,1,0,1
1,1,0,1,1,1,1,1
1,1,1,1,1,1,1,1
1,1,0,1,1,1,0,0
1,1,1,1,1,1,1,1
1,1,0,1,1,0,0,0
1,1,0,1,1,1,0,0
1,1,0,1,1,1,1,0
1,1,0,1,1,1,0,0
1,1,1,1,1,1,1,1
1,1,0,1,1,1,1,1
1,1,0,1,1,1,0,1
1,1,0,1,1,0,0,0
1,1,1,1,1,1,1,1
1,1,1,1,1,1,1,1
1,1,1,1,1,0,1,1
1,1,0,1,1,1,0,0
1,1,0,1,1,1,0,1
1,1,0,1,1,1,0,0
1,1,1,1,1,1,0,0
1,1,1,1,1,1,1,1
1,1,1,1,1,1,0,0
1,1,0,1,1,1,1,1
1,1,1,1,1,1,1,0
1,1,1,1,1,1,0,0
1,1,0,1,1,1,0,0
1,0,1,1,0,0,0,0
1,1,1,1,1,0,1,1
1,1,1,1,1,0,1,1
1,1,0,1,1,1,1,1
1,1,0,1,1,1,0,0
1,1,0,1,1,1,0,0
1,1,0,1,1,1,0,0
1,1,0,1,1,1,0,0
1,1,0,1,1,1,1,1
1,1,1,1,1,1,1,1
1,1,1,1,1,1,1,0
1,1,0,1,1,1,0,0
1,1,1,1,1,1,1,1
1,1,1,1,1,1,0,0
1,1,1,1,1,1,1,1
1,1,0,1,1,1,0,0
1,1,0,1,1,1,0,1
1,1,0,1,1,1,0,1
1,1,1,1,1,1,1,1
1,1,0,1,1,1,1,1
1,1,1,1,1,0,0,1
1,1,0,1,1,1,0,0
1,1,0,1,1,1,0,0
1,1,0,1,1,1,1,1
1,1,0,1,1,1,1,1
1,1,1,1,1,1,0,0
1,1,1,1,1,1,1,1
1,1,1,1,1,1,1,1
1,1,1,1,1,1,1,1
1,0,0,1,0,0,0,0
1,1,1,0,0,0,0,1
1,1,0,1,1,1,1,1
1,1,1,1,1,1,0,0
1,1,0,1,1,1,1,1
1,1,0,1,1,1,0,0
1,1,0,1,1,1,1,1
1,1,1,1,1,1,1,1
0,1,1,1,1,1,0,0
1,1,1,1,1,1,1,1
1,1,0,1,1,1,0,0
1,1,0,0,0,0,1,1
1,1,1,1,1,1,0,0
1,1,1,1,1,1,1,1
1,1,1,1,1,1,1,1
1,1,1,1,1,1,1,1
1,1,1,1,1,1,1,1
1,1,0,1,1,0,1,1
1,1,0,1,1,1,0,0
1,1,1,1,1,1,1,1
1,1,0,1,1,1,0,1
1,1,0,1,1,1,0,0
1,1,0,1,1,1,0,1
1,1,0,1,1,1,0,1
1,1,0,1,1,1,0,1
1,1,0,1,1,1,1,1
1,1,0,1,1,1,0,0
1,1,0,1,1,1,0,0
1,1,0,1,1,1,1,1
1,1,0,1,1,1,0,1
1,1,1,1,1,1,0,1
1,1,0,1,1,1,0,1
1,1,1,1,1,1,1,1
1,1,1,1,1,1,1,1
1,1,1,1,1,1,1,1
1,1,0,0,0,0,0,0
1,1,1,1,1,1,1,1
1,1,0,1,1,1,0,0
1,1,0,1,1,1,0,0
1,1,1,1,1,1,0,0
1,1,1,1,1,1,0,0
1,1,0,1,1,1,0,0
1,1,0,1,1,0,0,1
1,1,0,1,1,1,1,0
1,1,1,1,1,1,0,1
1,1,1,1,1,1,0,1
1,1,0,1,1,1,0,0
1,1,0,0,0,0,0,0
1,1,0,1,1,1,0,0
1,1,0,1,1,1,1,1
1,1,0,1,1,1,0,0
1,1,1,1,1,1,0,0
1,1,1,1,1,1,1,0
1,1,1,1,1,1,1,1
1,1,1,1,1,1,1,1
1,1,1,1,1,0,0,0
1,1,1,1,1,1,0,1
1,1,0,1,1,1,0,0
1,1,0,1,1,1,0,0
1,1,0,1,1,1,0,0
1,1,0,1,1,1,1,1
1,1,1,1,1,1,1,1
1,1,1,1,1,1,1,0
1,1,1,0,0,0,1,0
1,1,0,1,1,1,0,1
1,1,0,1,1,1,1,1
1,1,0,1,1,1,1,1
1,1,0,1,1,1,0,0
1,1,1,1,1,1,1,1
1,1,1,1,1,1,0,0
1,1,1,1,1,1,1,1
1,1,0,1,1,1,0,0
1,1,0,1,1,1,0,0
1,1,0,1,1,1,0,0
1,1,1,1,1,1,1,1
1,1,0,1,1,1,0,1
1,1,0,1,1,1,1,1
1,1,1,1,1,1,1,1
1,1,1,1,1,1,1,0
1,1,0,1,1,1,0,0
1,1,0,1,1,1,0,0
1,1,1,1,1,1,1,1
1,1,0,1,1,1,1,1
1,1,0,1,1,1,0,0
1,1,0,1,1,1,1,1
1,1,0,1,1,1,0,0
1,1,0,1,1,1,1,1
1,1,1,1,1,1,1,1
1,1,0,1,1,1,1,1
1,1,1,1,1,1,0,0
1,1,0,1,1,1,0,0
1,1,1,1,1,1,0,0
1,0,1,1,0,0,1,0
1,1,1,1,1,1,0,0
1,1,1,1,1,1,1,1
1,1,0,0,0,0,0,0
1,1,1,1,1,1,1,1
1,1,0,0,0,0,0,0
1,1,1,1,1,1,0,0
1,1,1,1,1,1,1,1
1,1,1,1,1,1,1,1
1,1,1,1,1,1,1,1
1,1,1,1,1,1,1,1
1,1,1,1,1,1,0,1
1,1,0,1,1,1,0,0
1,1,1,1,1,1,1,1
1,1,1,1,1,1,1,1
1,1,0,1,1,1,0,0
1,1,0,1,1,1,1,1
1,1,1,1,1,1,1,0
1,1,0,1,1,1,0,0
1,1,0,0,0,0,0,0
1,1,0,1,1,1,1,1
1,1,0,1,1,1,1,1
1,1,0,1,1,1,0,0
1,1,1,1,1,1,1,1
1,1,0,1,1,1,1,1
1,1,0,1,1,1,1,1
1,1,1,1,1,1,1,1
1,1,0,1,1,1,1,1
1,1,0,1,1,1,1,1
1,1,0,1,1,1,0,0
1,1,0,1,1,1,1,1
1,1,1,1,1,1,1,1
1,1,0,1,1,1,0,1
1,1,0,1,1,1,1,1
1,1,1,1,1,1,0,1
1,1,1,1,1,1,1,1
1,1,0,1,1,1,0,0
1,1,1,1,1,1,1,1
1,1,0,1,1,1,1,1
1,1,0,1,1,1,1,1
1,1,1,1,1,1,1,1
1,1,0,1,1,1,0,1
1,1,0,1,1,1,1,1
1,1,1,1,1,0,1,1
1,1,1,1,1,1,0,0
1,1,0,1,1,1,0,0
1,1,0,1,1,1,0,0
1,1,0,1,1,1,0,0
1,1,0,1,1,1,0,0
1,1,0,1,1,1,0,0
1,1,0,1,1,1,1,1
1,1,0,1,1,1,1,1
1,1,1,1,1,1,1,1
1,1,0,1,1,1,0,0
1,1,1,0,0,0,1,1
1,1,1,1,1,0,0,0
1,1,1,1,1,1,1,1
1,1,0,1,1,1,0,0
1,1,0,1,1,1,1,1
1,1,0,0,0,0,0,0
1,1,1,1,1,1,1,1
1,1,0,1,1,1,0,0
1,1,0,1,1,1,0,0
1,1,1,1,1,1,1,1
1,1,1,1,1,1,1,1
1,1,0,1,1,1,0,0
1,1,1,1,1,1,0,0
1,1,0,1,1,1,0,1
1,1,0,1,1,1,1,1
1,1,0,1,1,1,1,1
1,1,0,1,1,1,0,0
1,1,1,1,1,1,0,0
1,1,0,1,1,1,0,1
1,1,0,1,1,1,0,0
1,1,1,1,1,1,0,0
1,1,1,1,1,1,0,0
1,1,0,1,1,1,0,0
1,1,1,1,1,1,0,0
1,1,0,1,1,1,0,0
1,1,1,1,1,1,1,1
1,1,1,1,1,1,0,0
1,1,0,1,1,1,1,1
1,1,1,1,1,1,1,1
1,1,0,1,1,1,1,1
1,1,1,1,1,1,1,1
1,1,0,1,1,1,1,1
1,1,0,1,1,1,0,0
1,1,0,1,1,1,0,0
1,1,1,1,1,0,0,0
1,1,0,1,1,1,1,1
1,1,0,1,1,1,1,1
1,1,0,1,1,0,0,0
1,1,1,1,1,1,1,1
1,1,1,1,1,1,1,1
1,1,1,1,1,1,1,1
1,1,1,1,1,1,0,0
1,1,1,1,1,1,0,0
1,1,1,1,1,1,1,1
1,1,1,1,1,0,1,1
1,1,1,1,1,1,1,1
1,1,1,1,1,1,0,0
1,1,1,1,1,1,0,0
1,1,0,1,1,1,0,1
1,1,1,1,1,1,1,1
1,1,0,1,1,1,1,1
1,1,1,1,1,1,1,1
1,1,1,1,1,0,1,1
1,1,0,1,1,1,0,0
1,1,0,1,1,1,1,1
1,1,0,1,1,1,1,1
1,1,0,1,1,1,0,1
1,1,1,1,1,1,1,1
1,1,0,1,1,1,1,1
1,1,1,1,1,1,0,0
1,1,1,1,1,1,1,1
1,1,1,1,1,1,1,1
1,1,0,1,1,1,0,0
1,1,1,1,1,1,0,1
1,1,0,1,1,1,0,0
1,1,1,1,1,1,1,1
1,1,0,1,1,1,0,0
1,1,0,1,1,1,1,1
1,1,0,1,1,1,1,1
1,1,0,1,1,1,0,0
1,1,1,1,1,1,0,0
1,1,0,1,1,1,1,1
1,1,0,1,1,1,0,0
1,1,1,1,1,1,1,1
1,1,1,1,1,1,1,1
1,1,0,1,1,1,0,0
1,1,0,1,1,1,0,1
1,1,0,1,1,1,0,0
1,1,1,1,1,1,1,1
1,1,0,1,1,1,0,0
1,1,1,1,1,1,0,1
1,1,1,1,1,1,0,0
1,1,0,1,1,1,0,0
1,1,0,1,1,1,0,0
1,1,1,1,1,1,1,1
1,1,0,1,1,1,0,0
1,1,0,1,1,1,1,1
1,1,0,1,1,1,0,0
1,1,1,1,1,0,1,1
1,1,0,1,1,1,1,1
1,1,1,1,1,1,1,1
1,1,1,1,1,1,0,0
1,1,0,1,1,1,0,1
1,1,0,1,1,1,1,1
1,1,1,1,1,1,1,1
1,1,1,1,1,1,1,1
1,1,0,1,1,1,0,1
1,1,0,1,1,1,0,0
1,1,1,1,1,1,1,1
1,1,1,1,1,0,1,1
1,1,1,1,1,1,0,0
1,1,0,1,1,1,0,1
1,1,1,1,1,1,0,0
1,1,0,1,1,1,0,0
1,1,1,1,1,1,1,1
1,1,0,1,1,1,1,0
1,1,1,1,1,1,0,0
1,1,0,1,1,1,0,0
1,1,0,1,1,1,1,1
1,1,1,1,1,1,0,0
1,1,1,1,1,1,0,0
1,1,0,1,1,1,0,0
1,1,1,1,1,1,1,1
1,1,1,1,1,1,0,0
0,1,0,1,1,1,0,0
1,1,1,1,1,1,1,0
1,1,1,1,1,1,1,1
1,1,0,1,1,1,0,0
1,1,1,1,1,1,1,1
1,1,0,1,1,1,1,1
1,1,0,1,1,1,1,1
1,1,1,1,1,1,1,1
1,1,0,0,0,0,1,0
1,1,1,1,1,1,1,1
1,1,0,1,1,1,0,0
1,1,1,1,1,1,0,1
1,1,0,1,1,1,1,1
1,1,0,1,1,0,1,1
1,1,1,1,1,1,1,1
1,1,1,1,1,1,1,1
1,1,0,1,1,1,0,1
1,1,1,1,1,1,1,1
1,1,0,1,1,1,1,0
1,1,0,1,1,0,0,0
1,1,0,1,1,1,1,1
1,1,1,1,1,0,1,1
1,1,0,1,1,1,0,0
1,1,0,1,1,1,0,0
1,1,1,1,1,1,1,1
1,1,0,1,1,1,0,1
1,1,0,1,1,0,0,0
1,1,0,1,1,1,0,0
1,0,0,1,0,0,0,0
0,1,0,1,1,1,0,0
1,1,0,1,1,1,1,1
1,1,0,1,1,1,1,1
1,1,1,1,1,1,1,1
1,1,0,1,1,1,0,0
1,1,0,1,1,1,1,1
1,1,0,1,1,1,1,1
1,1,0,1,1,1,1,1
1,1,0,1,1,1,1,1
1,1,0,1,1,1,0,1
1,1,1,1,1,1,1,1
1,1,1,1,1,1,0,0
1,1,0,1,1,1,1,1
1,1,1,1,1,1,0,0
1,1,0,0,0,0,0,0
1,1,1,1,1,1,1,1
1,1,1,1,1,0,0,0
1,1,1,1,1,1,0,1
1,1,0,1,1,1,0,0
1,1,0,1,1,1,1,1
1,1,0,1,1,1,0,0
1,1,1,1,1,1,1,1
1,1,1,1,1,1,1,1
1,1,1,1,1,1,0,0
1,1,1,1,1,1,1,1
1,1,1,1,1,1,0,0
1,1,1,1,1,1,1,1
1,1,1,1,1,0,1,1
1,1,1,1,1,1,1,1
1,1,0,1,1,1,1,1
1,1,1,1,1,1,1,1
1,1,1,1,1,1,1,1
1,1,0,0,0,0,1,1
1,1,0,1,1,1,0,0
1,1,1,1,1,1,0,0
1,1,0,0,0,0,0,0
1,1,0,1,1,1,1,1
1,1,1,1,1,1,1,1
1,1,1,1,1,0,1,1
1,1,1,1,1,1,1,1
1,1,1,1,1,1,1,1
1,1,1,1,1,1,1,1
1,1,0,1,1,1,0,1
1,1,1,1,1,1,1,1
1,1,0,1,1,1,0,0
0,1,1,1,1,1,1,1
1,1,0,1,1,1,0,0
1,1,0,1,1,1,0,0
1,1,0,1,1,1,0,0
1,1,1,1,1,1,0,1
1,1,1,1,1,1,1,1
1,1,1,1,1,1,0,0
1,1,0,1,1,1,0,1
1,1,1,1,1,1,1,1
1,1,0,1,1,1,0,0
1,1,1,1,1,0,1,1
1,1,1,1,1,1,0,0
1,1,0,0,0,0,1,0
1,1,1,1,1,1,0,1
1,1,0,1,1,1,1,1
1,0,0,1,0,0,0,0
1,1,1,1,1,1,1,1
1,1,0,1,1,1,0,0
1,1,1,1,1,1,1,1
1,0,1,1,0,0,1,0
1,1,1,0,0,0,1,0
1,1,0,1,1,0,1,1
1,1,0,1,1,1,1,1
1,1,1,1,1,1,1,1
1,1,1,1,1,1,1,1
1,1,0,1,1,1,0,0
1,1,0,0,0,0,0,0
1,1,0,0,0,0,0,0
1,1,1,1,1,1,1,1
1,1,1,1,1,1,1,1
1,1,1,1,1,1,0,0
1,1,0,1,1,1,0,0
1,1,1,1,1,1,1,1
1,1,1,1,1,1,1,1
1,1,1,1,1,1,1,1
1,1,1,1,1,1,1,1
1,1,1,1,1,1,1,0
1,1,0,1,1,1,0,1
1,1,0,1,1,1,1,1
1,1,0,1,1,1,0,1
1,1,1,1,1,1,1,1
1,1,0,1,1,1,0,0
1,1,1,1,1,1,1,0
1,1,1,1,1,1,1,1
1,1,0,1,1,1,0,1
1,1,0,1,1,1,0,1
1,1,0,1,1,1,1,0
1,1,1,1,1,1,1,1
1,1,1,1,1,1,1,1
1,1,0,1,1,1,0,0
1,1,1,1,1,1,0,0
1,1,0,1,1,1,0,1
1,1,0,1,1,0,1,1
1,1,0,1,1,1,0,0
1,1,1,1,1,1,0,0
1,1,0,1,1,1,0,0
1,1,0,1,1,1,1,1
1,1,0,0,0,0,0,0
1,1,0,1,1,1,0,0
1,1,1,1,1,1,1,1
1,1,1,1,1,1,1,1
1,1,0,1,1,1,0,0
1,1,0,1,1,1,0,1
1,1,1,1,1,1,1,1
1,1,0,1,1,1,0,0
1,1,1,1,1,1,1,1
1,1,1,1,1,1,0,0
0,1,0,1,1,1,1,1
1,1,1,1,1,1,1,1
1,1,1,1,1,1,0,0
1,1,1,1,1,1,1,1
1,1,1,1,1,1,0,0
1,1,0,1,1,1,0,0
1,1,0,1,1,1,1,1
1,1,1,1,1,1,1,1
0,0,0,1,0,0,0,0
1,1,0,1,1,1,0,0
1,1,1,1,1,1,1,1
1,1,0,1,1,1,0,0
1,1,1,1,1,1,1,1
1,1,0,1,1,1,0,0
1,1,1,1,1,1,1,1
1,1,1,1,1,1,1,1
1,1,1,1,1,1,1,1
1,1,1,1,1,1,1,1
1,1,1,1,1,1,1,1
1,1,0,1,1,1,1,1
1,1,1,1,1,1,1,0
1,1,0,1,1,1,1,1
1,1,0,1,1,1,0,1
1,1,1,1,1,1,1,0
1,1,1,1,1,1,1,1
1,1,0,1,1,1,0,0
1,1,0,0,0,0,0,0
1,1,0,1,1,1,0,0
1,1,0,1,1,1,1,1
1,1,1,1,1,1,0,0
1,1,1,1,1,1,0,1
1,1,1,1,1,1,1,1
1,1,0,1,1,1,1,1
1,1,1,1,1,1,1,0
1,1,1,1,1,1,0,1
1,1,0,1,1,1,1,1
1,1,1,1,1,1,1,1
1,1,1,1,1,1,0,0
1,1,1,1,1,1,0,0
1,1,0,1,1,1,1,1
1,1,0,1,1,1,1,1
1,1,0,1,1,1,0,0
1,1,1,1,1,1,1,1
1,1,1,1,1,1,1,1
1,1,1,1,1,1,1,1
1,1,0,1,1,0,0,0
1,1,1,1,1,1,1,1
1,1,1,1,1,1,1,1
1,1,0,1,1,1,0,0
1,1,0,1,1,1,1,1
1,1,1,1,1,1,1,1
1,1,0,0,0,0,0,0
1,1,1,1,1,1,1,1
1,1,0,1,1,1,1,1
1,1,0,1,1,0,1,1
1,1,1,1,1,1,1,1
1,1,1,1,1,1,0,0
1,1,0,1,1,1,0,0
1,1,1,1,1,1,1,1
1,1,1,1,1,1,1,1
1,1,0,1,1,1,0,1
1,0,0,1,0,0,0,0
1,1,0,1,1,1,0,0
1,1,0,1,1,1,0,0
1,1,0,0,0,0,0,0
1,1,0,1,1,1,0,0
1,1,1,1,1,1,0,0
1,1,0,1,1,1,0,1
1,1,1,1,1,1,1,1
1,1,1,1,1,1,0,0
1,1,0,1,1,1,0,1
1,1,0,1,1,1,0,0
1,1,0,1,1,1,0,0
1,1,0,1,1,1,0,0
1,1,0,1,1,1,1,1
1,1,1,1,1,0,1,1
1,1,1,1,1,1,0,1
1,1,0,1,1,1,0,0
1,1,0,1,1,1,0,1
1,1,0,1,1,1,1,1
1,1,0,1,1,1,0,0
1,1,0,1,1,1,0,0
1,1,0,1,1,1,0,1
1,1,0,1,1,1,0,0
1,1,0,1,1,1,1,1
1,1,0,1,1,1,1,1
1,1,0,1,1,1,1,1
1,1,0,1,1,1,1,1
1,1,1,1,1,1,0,1
1,1,0,1,1,1,1,1
1,1,1,1,1,1,1,1
1,1,1,1,1,1,1,1
1,1,1,1,1,1,1,1
1,1,0,1,1,1,0,0
1,1,0,1,1,1,0,1
1,1,0,1,1,1,1,1
1,1,1,1,1,1,1,1
1,1,0,1,1,1,0,0
1,1,0,1,1,1,0,0
1,1,1,1,1,1,1,1
1,1,0,1,1,1,0,0
1,1,1,1,1,1,1,1
1,1,1,1,1,1,1,1
1,1,1,1,1,1,0,0
1,1,0,1,1,1,1,1
1,1,1,1,1,1,0,0
1,1,1,1,1,1,1,1
1,1,1,1,1,1,1,1
1,1,0,1,1,1,1,1
1,1,1,1,1,1,1,1
1,1,0,1,1,1,1,1
1,1,1,1,1,0,0,0
1,1,0,1,1,0,1,0
1,1,1,0,0,0,1,0
1,1,1,1,1,1,0,1
1,1,1,0,0,0,0,0
1,1,1,1,1,1,1,1
1,1,0,1,1,1,1,1
1,1,1,1,1,1,1,1
1,1,0,1,1,1,0,0
1,1,1,1,1,1,1,0
1,1,1,1,1,1,1,1
1,1,0,1,1,1,0,1
1,1,1,1,1,1,0,0
1,1,0,1,1,1,1,1
1,1,1,1,1,1,1,1
1,1,1,1,1,1,1,1
1,1,1,1,1,1,0,1
1,1,0,1,1,1,0,0
1,1,0,0,0,0,0,0
1,1,1,1,1,1,1,1
1,1,1,1,1,1,1,1
1,1,1,1,1,1,0,0
1,1,1,1,1,1,1,1
1,1,1,1,1,1,1,1
1,1,1,1,1,1,1,1
1,1,1,1,1,1,0,0
1,1,1,1,1,1,1,1
1,1,1,1,1,1,1,1
1,1,0,1,1,1,0,1
1,1,1,1,1,1,1,1
1,1,1,1,1,1,1,1
1,1,0,1,1,1,0,0
1,1,0,1,1,1,0,1
1,1,1,1,1,1,1,1
1,1,0,1,1,1,0,0
1,1,1,1,1,1,1,1
1,1,1,1,1,1,0,1
1,1,0,1,1,1,0,0
1,1,0,1,1,1,0,1
1,1,1,1,1,1,1,1
1,1,0,1,1,1,0,0
1,1,0,1,1,1,0,1
1,1,0,1,1,1,0,1
1,1,0,1,1,1,0,1
1,1,1,1,1,1,0,0
1,1,0,1,1,1,1,1
1,1,1,1,1,1,1,1
1,1,0,1,1,0,1,1
1,1,1,1,1,1,1,1
1,1,1,1,1,1,1,1
1,1,0,1,1,1,0,0
1,1,1,1,1,1,0,0
1,1,1,1,1,1,1,1
1,1,1,1,1,1,0,1
1,1,0,1,1,1,1,1
0,1,1,1,1,1,0,1
1,1,1,1,1,1,1,1
1,1,0,1,1,1,0,0
1,1,1,1,1,1,1,1
1,1,1,1,1,0,1,1
1,1,0,1,1,1,0,0
1,1,0,1,1,1,1,1
1,1,1,1,1,1,1,1
1,1,0,1,1,1,0,0
1,1,1,1,1,1,1,1
1,1,1,1,1,1,1,1
1,1,1,1,1,1,1,1
1,1,1,1,1,1,1,1
1,1,0,1,1,1,0,0
1,1,1,1,1,1,1,1
1,1,1,1,1,1,0,0
1,1,1,1,1,1,0,0
1,1,0,1,1,1,0,0
1,1,1,1,1,1,0,1
1,1,1,1,1,1,1,1
1,1,1,1,1,1,1,0
1,1,0,1,1,1,0,0
1,0,0,1,0,0,1,0
1,1,0,1,1,1,1,1
1,1,0,1,1,0,0,0
1,1,1,1,1,1,1,0
1,1,1,1,1,1,1,1
1,1,0,1,1,1,0,0
1,1,1,1,1,1,1,1
0,1,1,1,1,1,0,0
1,1,0,0,0,0,1,0
1,1,1,1,1,1,1,0
1,1,1,1,1,1,1,1
1,1,1,1,1,1,1,0
1,1,0,1,1,1,1,1
1,1,1,1,1,1,1,1
1,1,0,1,1,1,0,0
1,1,0,1,1,1,0,0
1,1,1,1,1,1,1,1
1,1,0,1,1,1,1,1
1,1,0,1,1,1,0,0
1,1,1,1,1,1,0,0
0,1,0,1,1,1,0,0
1,1,1,1,1,1,1,1
1,1,1,1,1,1,1,1
1,1,1,1,1,1,1,1
1,1,1,1,1,1,1,0
1,1,1,1,1,1,1,1
1,1,1,1,1,1,1,1
1,1,1,1,1,1,1,1
1,1,0,1,1,1,0,0
1,1,0,0,0,0,1,0
1,1,0,1,1,1,1,1
1,1,0,1,1,1,0,0
1,1,0,1,1,1,0,1
1,1,0,1,1,0,1,1
1,1,0,1,1,1,0,0
1,1,0,1,1,1,1,1
1,1,1,1,1,1,1,1
1,1,1,1,1,0,0,0
1,1,1,1,1,1,1,1
1,1,0,1,1,1,0,1
1,1,0,1,1,1,1,1
1,1,1,1,1,1,0,0
1,1,1,1,1,1,1,1
1,1,0,1,1,1,0,0
1,1,0,1,1,1,1,1
1,1,0,1,1,1,1,1
1,1,1,1,1,1,0,0
1,1,1,1,1,1,1,1
1,1,1,1,1,1,1,1
1,1,1,1,1,1,1,1
1,1,0,1,1,1,0,0
1,1,1,1,1,1,1,1
1,1,0,1,1,1,0,0
1,1,0,1,1,1,0,1
1,1,0,1,1,1,0,0
1,1,0,1,1,1,0,0
1,1,0,1,1,1,0,0
1,1,1,1,1,1,1,1
1,1,1,1,1,1,1,0
1,1,1,1,1,1,1,1
1,1,1,1,1,1,0,0
1,1,0,1,1,1,1,0
1,1,1,1,1,1,1,0
1,1,0,1,1,1,1,1
1,1,0,1,1,1,0,1
1,1,0,1,1,1,1,1
1,1,1,1,1,1,0,0
1,1,1,1,1,1,0,0
1,1,1,1,1,1,1,1
1,1,1,1,1,1,0,0
1,1,1,1,1,1,1,1
1,1,1,1,1,1,1,1
1,1,1,1,1,1,1,1
1,1,0,1,1,1,1,1
1,1,1,1,1,1,1,1
1,1,1,1,1,1,1,1
1,1,0,1,1,1,0,0
1,1,0,1,1,1,0,0
1,1,1,1,1,1,1,1
1,1,1,1,1,1,0,0
1,1,0,0,0,0,0,0
1,1,0,1,1,1,1,1
1,1,0,1,1,1,1,1
1,1,1,1,1,1,1,1
1,1,1,1,1,1,1,1
1,1,0,1,1,1,1,1
1,1,0,1,1,1,1,0
1,1,0,0,0,0,0,0
1,1,1,1,1,1,1,1
1,1,1,1,1,1,1,1
1,1,1,1,1,1,1,1
1,1,1,1,1,1,1,1
1,0,1,1,0,0,0,0
1,1,0,1,1,1,0,0
1,1,1,1,1,1,0,0
1,1,1,1,1,1,1,1
1,1,1,1,1,1,1,1
1,1,1,1,1,1,1,1
1,1,1,1,1,1,1,1
1,1,1,1,1,1,1,1
1,1,0,1,1,1,0,0
1,1,1,1,1,1,1,1
1,1,0,1,1,1,1,1
1,1,0,1,1,1,0,0
1,1,1,1,1,1,1,0
1,1,1,1,1,1,0,0
1,1,0,1,1,1,0,0
1,1,1,0,0,0,1,0
1,1,1,1,1,1,1,1
1,1,0,1,1,1,0,0
1,1,1,1,1,1,1,1
1,1,1,1,1,1,1,1
1,1,0,1,1,1,1,1
1,1,0,0,0,0,0,0
1,1,1,1,1,1,1,1
1,1,0,1,1,1,1,1
1,1,1,1,1,1,1,1
1,1,0,1,1,1,0,0
1,1,1,1,1,1,1,1
1,1,1,1,1,1,1,1
1,1,0,0,0,0,1,1
0,1,1,1,1,1,0,0
1,1,1,1,1,0,1,0
0,1,0,1,1,1,0,0
1,1,0,1,1,1,0,0
1,1,0,0,0,0,0,0
1,1,1,1,1,1,1,1
1,1,0,1,1,1,0,0
1,1,1,1,1,1,0,0
1,1,0,1,1,0,0,0
1,1,0,1,1,1,1,1
1,1,0,0,0,0,0,0
1,1,1,1,1,0,1,1
1,1,0,1,1,1,0,0
1,1,1,1,1,1,1,1
1,1,0,1,1,1,1,1
1,1,1,1,1,1,1,1
1,1,0,1,1,1,1,1
1,1,1,1,1,1,1,1
1,0,0,0,0,0,0,0
1,1,0,1,1,1,1,1
1,1,1,1,1,1,0,0
1,1,1,1,1,1,0,0
1,1,0,1,1,1,1,1
1,1,0,1,1,1,1,1
1,1,1,1,1,1,1,1
1,1,1,1,1,1,0,0
1,1,1,0,0,0,1,0
1,0,1,1,0,0,1,1
1,1,0,1,1,1,1,0
1,1,0,1,1,1,1,0
1,1,0,1,1,1,0,1
1,1,1,1,1,1,1,1
1,1,1,1,1,1,1,1
1,1,0,1,1,1,0,0
1,1,0,1,1,1,0,0
1,1,0,1,1,1,0,0
1,1,1,1,1,1,0,0
1,1,1,1,1,1,1,0
1,1,1,1,1,1,1,1
1,1,0,1,1,1,0,0
1,1,0,1,1,1,1,1
1,1,0,1,1,1,0,0
1,1,1,1,1,1,1,1
1,1,0,1,1,1,0,1
1,1,0,1,1,1,0,0
1,1,0,1,1,1,0,1
1,1,0,1,1,1,0,1
1,1,1,1,1,1,0,0
1,1,1,1,1,1,1,1
1,1,1,1,1,1,1,1
1,1,1,1,1,1,1,1
1,1,1,1,1,1,0,0
1,1,0,1,1,1,0,0
1,1,1,1,1,1,0,0
1,1,0,1,1,1,1,1
1,1,0,0,0,0,1,0
1,1,0,1,1,1,0,0
1,1,1,1,1,1,1,1
1,1,0,1,1,1,0,1
1,1,0,1,1,0,0,0
1,1,0,1,1,1,0,1
1,1,1,1,1,1,1,1
1,1,0,1,1,1,0,0
1,1,0,1,1,1,1,1
1,1,1,1,1,1,1,1
1,1,0,1,1,1,0,0
1,1,1,1,1,1,1,1
1,1,0,1,1,1,0,0
1,1,0,1,1,1,1,1
1,1,1,1,1,1,1,1
1,1,1,1,1,1,1,1
1,1,1,1,1,1,1,1
1,0,0,1,0,0,0,0
1,1,0,1,1,1,1,1
1,1,1,1,1,1,0,0
1,1,0,1,1,1,1,1
1,1,0,1,1,1,0,0
1,1,0,1,1,1,0,0
1,1,0,1,1,1,1,1
1,1,0,1,1,1,0,1
1,1,1,1,1,1,1,1
1,1,1,1,1,1,1,1
1,1,0,1,1,1,0,0
1,1,1,1,1,1,1,0
1,1,0,1,1,1,1,1
1,1,0,1,1,1,0,0
1,1,1,1,1,1,1,1
1,1,1,1,1,1,1,1
1,1,1,1,1,1,0,0
1,1,0,1,1,1,1,0
1,1,0,1,1,1,1,1
1,1,1,1,1,1,1,1
1,1,1,1,1,1,1,1
1,1,1,1,1,1,0,1
1,1,1,1,1,1,1,0
1,1,1,1,1,1,0,0
1,1,0,1,1,1,0,0
1,1,0,1,1,1,1,1
1,1,0,1,1,1,0,0
1,1,1,1,1,1,1,1
1,1,0,1,1,1,0,0
1,1,0,1,1,1,1,1
1,1,1,1,1,1,0,0
1,1,0,0,0,1,1,0
1,1,1,1,1,1,0,0
1,1,0,1,1,1,0,0
1,1,1,1,1,1,1,1
1,1,0,0,0,0,0,0
1,1,0,1,1,1,0,0
1,1,1,1,1,1,1,1
1,1,0,1,1,1,1,1
1,1,1,1,1,1,0,1
1,1,1,1,1,1,0,0
1,1,1,1,1,1,1,1
